SubClass,Type,Grade,Name,OptionType,FixedOption,RandomOption,MinValue,MaxValue,FinalValue,ValueUnit,WeightValue
Archer,Weapon,Normal,ArcherNormalWeapon,Fixed,PhysicalPowerPercent,,10,50,2500,10,"1, 1"
Archer,Weapon,Normal,ArcherNormalWeapon,Fixed,MagicPowerPercent,,10,50,2500,10,"1, 10"
Archer,Weapon,Normal,ArcherNormalWeapon,Fixed,AttackSpeed,,1,2,10,0.1,"1, 10"
Archer,Weapon,Normal,ArcherNormalWeapon,Random,,PhysicalPower,50,100,5000,10,"1, 10"
Archer,Weapon,Normal,ArcherNormalWeapon,Random,,HP,250,500,25000,10,"1, 10"
Archer,Clothes,Normal,ArcherNormalClothes,Fixed,PhysicalDamageReduction,,40,80,4000,10,"1, 10"
Archer,Clothes,Normal,ArcherNormalClothes,Fixed,HP,,40,80,4000,10,"1, 10"
Archer,Clothes,Normal,ArcherNormalClothes,Fixed,PhysicalPowerDefense,,40,80,4000,10,"1, 10"
Archer,Clothes,Normal,ArcherNormalClothes,Random,,PhysicalPower,50,100,5000,10,"1, 10"
Archer,Clothes,Normal,ArcherNormalClothes,Random,,HP,500,1000,50000,100,"1, 10"
Archer,Gloves,Normal,ArcherNormalGloves,Fixed,AttackSpeedPercent,,40,80,4000,10,"1, 10"
Archer,Gloves,Normal,ArcherNormalGloves,Fixed,HP,,40,80,4000,10,"1, 10"
Archer,Gloves,Normal,ArcherNormalGloves,Fixed,PhysicalPowerDefense,,40,80,4000,10,"1, 10"
Archer,Gloves,Normal,ArcherNormalGloves,Random,,PhysicalPower,50,100,5000,10,"1, 10"
Archer,Gloves,Normal,ArcherNormalGloves,Random,,HP,500,1000,50000,100,"1, 10"
Archer,Shoes,Normal,ArcherNormalShoes,Fixed,MoveSpeedPercent,,40,80,4000,10,"1, 10"
Archer,Shoes,Normal,ArcherNormalShoes,Fixed,HP,,40,80,4000,10,"1, 10"
Archer,Shoes,Normal,ArcherNormalShoes,Fixed,PhysicalPowerDefense,,40,80,4000,10,"1, 10"
Archer,Shoes,Normal,ArcherNormalShoes,Random,,PhysicalPower,50,100,5000,10,"1, 10"
Archer,Shoes,Normal,ArcherNormalShoes,Random,,HP,500,1000,50000,100,"1, 10"
Archer,LeftBracelet,Normal,ArcherNormalLeftBracelet,Fixed,CriChance,,40,80,4000,10,"1, 10"
Archer,LeftBracelet,Normal,ArcherNormalLeftBracelet,Fixed,PhysicalPower,,40,80,4000,10,"1, 10"
Archer,LeftBracelet,Normal,ArcherNormalLeftBracelet,Fixed,MagicPower,,40,80,4000,10,"1, 10"
Archer,LeftBracelet,Normal,ArcherNormalLeftBracelet,Random,,PhysicalPower,50,100,5000,10,"1, 10"
Archer,LeftBracelet,Normal,ArcherNormalLeftBracelet,Random,,HP,500,1000,50000,100,"1, 10"
Archer,RightBracelet,Normal,ArcherNormalRightBracelet,Fixed,CriDamage,,40,80,4000,10,"1, 10"
Archer,RightBracelet,Normal,ArcherNormalRightBracelet,Fixed,PhysicalPower,,40,80,4000,10,"1, 10"
Archer,RightBracelet,Normal,ArcherNormalRightBracelet,Fixed,MagicPower,,40,80,4000,10,"1, 10"
Archer,RightBracelet,Normal,ArcherNormalRightBracelet,Random,,PhysicalPower,50,100,5000,10,"1, 10"
Archer,RightBracelet,Normal,ArcherNormalRightBracelet,Random,,HP,500,1000,50000,100,"1, 10"
Archer,LeftRing,Normal,ArcherNormalLeftRing,Fixed,CriChance,,40,80,4000,10,"1, 10"
Archer,LeftRing,Normal,ArcherNormalLeftRing,Fixed,PhysicalPower,,40,80,4000,10,"1, 10"
Archer,LeftRing,Normal,ArcherNormalLeftRing,Fixed,MagicPower,,40,80,4000,10,"1, 10"
Archer,LeftRing,Normal,ArcherNormalLeftRing,Random,,PhysicalPower,50,100,5000,10,"1, 10"
Archer,LeftRing,Normal,ArcherNormalLeftRing,Random,,HP,500,1000,50000,100,"1, 10"
Archer,RightRing,Normal,ArcherNormalRightRing,Fixed,CriDamage,,40,80,4000,10,"1, 10"
Archer,RightRing,Normal,ArcherNormalRightRing,Fixed,PhysicalPower,,40,80,4000,10,"1, 10"
Archer,RightRing,Normal,ArcherNormalRightRing,Fixed,MagicPower,,40,80,4000,10,"1, 10"
Archer,RightRing,Normal,ArcherNormalRightRing,Random,,PhysicalPower,50,100,5000,10,"1, 10"
Archer,RightRing,Normal,ArcherNormalRightRing,Random,,HP,500,1000,50000,100,"1, 10"
Archer,Necklace,Normal,ArcherNormalNecklace,Fixed,CriChance,,40,80,4000,10,"1, 10"
Archer,Necklace,Normal,ArcherNormalNecklace,Fixed,PhysicalPower,,40,80,4000,10,"1, 10"
Archer,Necklace,Normal,ArcherNormalNecklace,Fixed,MagicPower,,40,80,4000,10,"1, 10"
Archer,Necklace,Normal,ArcherNormalNecklace,Random,,PhysicalPower,50,100,5000,10,"1, 10"
Archer,Necklace,Normal,ArcherNormalNecklace,Random,,HP,500,1000,50000,100,"1, 10"
Archer,Earrings,Normal,ArcherNormalEarrings,Fixed,CriDamage,,40,80,4000,10,"1, 10"
Archer,Earrings,Normal,ArcherNormalEarrings,Fixed,PhysicalPower,,40,80,4000,10,"1, 10"
Archer,Earrings,Normal,ArcherNormalEarrings,Fixed,MagicPower,,40,80,4000,10,"1, 10"
Archer,Earrings,Normal,ArcherNormalEarrings,Random,,PhysicalPower,50,100,5000,10,"1, 10"
Archer,Earrings,Normal,ArcherNormalEarrings,Random,,HP,500,1000,50000,100,"1, 10"
Archer,Back,Normal,ArcherNormalBack,Fixed,PhysicalPower,,40,80,4000,10,"1, 10"
Archer,Back,Normal,ArcherNormalBack,Fixed,MagicPower,,40,80,4000,10,"1, 10"
Archer,Back,Normal,ArcherNormalBack,Fixed,HP,,40,80,4000,10,"1, 10"
Archer,Back,Normal,ArcherNormalBack,Random,,PhysicalPower,50,100,5000,10,"10, 1"
Archer,Back,Normal,ArcherNormalBack,Random,,HP,500,1000,50000,100,"10, 1"
Archer,Cloak,Normal,ArcherNormalCloak,Fixed,PhysicalPower,,40,80,4000,10,"10, 1"
Archer,Cloak,Normal,ArcherNormalCloak,Fixed,MagicPower,,40,80,4000,10,"10, 1"
Archer,Cloak,Normal,ArcherNormalCloak,Fixed,HP,,40,80,4000,10,"10, 1"
Archer,Cloak,Normal,ArcherNormalCloak,Random,,PhysicalPower,50,100,5000,10,"10, 1"
Archer,Cloak,Normal,ArcherNormalCloak,Random,,HP,500,1000,50000,100,"10, 1"
Archer,Pet,Normal,ArcherNormalPet,Fixed,PhysicalPower,,40,80,4000,10,"10, 1"
Archer,Pet,Normal,ArcherNormalPet,Fixed,MagicPower,,40,80,4000,10,"10, 1"
Archer,Pet,Normal,ArcherNormalPet,Fixed,HP,,40,80,4000,10,"10, 1"
Archer,Pet,Normal,ArcherNormalPet,Random,,PhysicalPower,50,100,5000,10,"10, 1"
Archer,Pet,Normal,ArcherNormalPet,Random,,HP,500,1000,50000,100,"10, 1"
Archer,Hat,Normal,ArcherNormalHat,Fixed,PhysicalPower,,40,80,4000,10,"10, 1"
Archer,Hat,Normal,ArcherNormalHat,Fixed,MagicPower,,40,80,4000,10,"10, 1"
Archer,Hat,Normal,ArcherNormalHat,Fixed,HP,,40,80,4000,10,"10, 1"
Archer,Hat,Normal,ArcherNormalHat,Random,,PhysicalPower,50,100,5000,10,"10, 1"
Archer,Hat,Normal,ArcherNormalHat,Random,,HP,500,1000,50000,100,"10, 1"
Archer,Wing,Normal,ArcherNormalWing,Fixed,PhysicalPower,,40,80,4000,10,"10, 1"
Archer,Wing,Normal,ArcherNormalWing,Fixed,MagicPower,,40,80,4000,10,"10, 1"
Archer,Wing,Normal,ArcherNormalWing,Fixed,HP,,40,80,4000,10,"10, 1"
Archer,Wing,Normal,ArcherNormalWing,Random,,PhysicalPower,50,100,5000,10,"10, 1"
Archer,Wing,Normal,ArcherNormalWing,Random,,HP,500,1000,50000,100,"10, 1"
Archer,Mask,Normal,ArcherNormalMask,Fixed,PhysicalPower,,40,80,4000,10,"10, 1"
Archer,Mask,Normal,ArcherNormalMask,Fixed,MagicPower,,40,80,4000,10,"10, 1"
Archer,Mask,Normal,ArcherNormalMask,Fixed,HP,,40,80,4000,10,"10, 1"
Archer,Mask,Normal,ArcherNormalMask,Random,,PhysicalPower,50,100,5000,10,"10, 1"
Archer,Mask,Normal,ArcherNormalMask,Random,,HP,500,1000,50000,100,"10, 1"
Archer,Weapon,Superior,ArcherSuperiorWeapon,Fixed,PhysicalPowerPercent,,1100,1500,75000,10,"10, 1"
Archer,Weapon,Superior,ArcherSuperiorWeapon,Fixed,MagicPowerPercent,,500,1000,50000,10,"10, 1"
Archer,Weapon,Superior,ArcherSuperiorWeapon,Fixed,AttackSpeed,,1,2,100,1,"10, 1"
Archer,Weapon,Superior,ArcherSuperiorWeapon,Random,,PhysicalPower,50,100,5000,10,"10, 1"
Archer,Weapon,Superior,ArcherSuperiorWeapon,Random,,HP,250,500,25000,10,"10, 1"
Archer,Clothes,Superior,ArcherSuperiorClothes,Fixed,PhysicalDamageReduction,,40,80,4000,10,"10, 1"
Archer,Clothes,Superior,ArcherSuperiorClothes,Fixed,HP,,40,80,4000,10,"10, 1"
Archer,Clothes,Superior,ArcherSuperiorClothes,Fixed,PhysicalPowerDefense,,40,80,4000,10,"10, 1"
Archer,Clothes,Superior,ArcherSuperiorClothes,Random,,PhysicalPower,50,100,5000,10,"10, 1"
Archer,Clothes,Superior,ArcherSuperiorClothes,Random,,HP,500,1000,50000,100,"10, 1"
Archer,Gloves,Superior,ArcherSuperiorGloves,Fixed,AttackSpeedPercent,,40,80,4000,10,"10, 1"
Archer,Gloves,Superior,ArcherSuperiorGloves,Fixed,HP,,40,80,4000,10,"10, 1"
Archer,Gloves,Superior,ArcherSuperiorGloves,Fixed,PhysicalPowerDefense,,40,80,4000,10,"10, 1"
Archer,Gloves,Superior,ArcherSuperiorGloves,Random,,PhysicalPower,50,100,5000,10,"10, 1"
Archer,Gloves,Superior,ArcherSuperiorGloves,Random,,HP,500,1000,50000,100,"10, 1"
Archer,Shoes,Superior,ArcherSuperiorShoes,Fixed,MoveSpeedPercent,,40,80,4000,10,"10, 1"
Archer,Shoes,Superior,ArcherSuperiorShoes,Fixed,HP,,40,80,4000,10,"10, 1"
Archer,Shoes,Superior,ArcherSuperiorShoes,Fixed,PhysicalPowerDefense,,40,80,4000,10,"10, 1"
Archer,Shoes,Superior,ArcherSuperiorShoes,Random,,PhysicalPower,50,100,5000,10,"10, 1"
Archer,Shoes,Superior,ArcherSuperiorShoes,Random,,HP,500,1000,50000,100,"10, 1"
Archer,LeftBracelet,Superior,ArcherSuperiorLeftBracelet,Fixed,CriChance,,40,80,4000,10,"10, 1"
Archer,LeftBracelet,Superior,ArcherSuperiorLeftBracelet,Fixed,PhysicalPower,,40,80,4000,10,"10, 1"
Archer,LeftBracelet,Superior,ArcherSuperiorLeftBracelet,Fixed,MagicPower,,40,80,4000,10,"10, 1"
Archer,LeftBracelet,Superior,ArcherSuperiorLeftBracelet,Random,,PhysicalPower,50,100,5000,10,"10, 1"
Archer,LeftBracelet,Superior,ArcherSuperiorLeftBracelet,Random,,HP,500,1000,50000,100,"10, 1"
Archer,RightBracelet,Superior,ArcherSuperiorRightBracelet,Fixed,CriDamage,,40,80,4000,10,"10, 1"
Archer,RightBracelet,Superior,ArcherSuperiorRightBracelet,Fixed,PhysicalPower,,40,80,4000,10,"10, 1"
Archer,RightBracelet,Superior,ArcherSuperiorRightBracelet,Fixed,MagicPower,,40,80,4000,10,"10, 1"
Archer,RightBracelet,Superior,ArcherSuperiorRightBracelet,Random,,PhysicalPower,50,100,5000,10,"10, 1"
Archer,RightBracelet,Superior,ArcherSuperiorRightBracelet,Random,,HP,500,1000,50000,100,"10, 1"
Archer,LeftRing,Superior,ArcherSuperiorLeftRing,Fixed,CriChance,,40,80,4000,10,"10, 1"
Archer,LeftRing,Superior,ArcherSuperiorLeftRing,Fixed,PhysicalPower,,40,80,4000,10,"10, 1"
Archer,LeftRing,Superior,ArcherSuperiorLeftRing,Fixed,MagicPower,,40,80,4000,10,"10, 1"
Archer,LeftRing,Superior,ArcherSuperiorLeftRing,Random,,PhysicalPower,50,100,5000,10,"10, 1"
Archer,LeftRing,Superior,ArcherSuperiorLeftRing,Random,,HP,500,1000,50000,100,"10, 1"
Archer,RightRing,Superior,ArcherSuperiorRightRing,Fixed,CriDamage,,40,80,4000,10,"10, 1"
Archer,RightRing,Superior,ArcherSuperiorRightRing,Fixed,PhysicalPower,,40,80,4000,10,"10, 1"
Archer,RightRing,Superior,ArcherSuperiorRightRing,Fixed,MagicPower,,40,80,4000,10,"10, 1"
Archer,RightRing,Superior,ArcherSuperiorRightRing,Random,,PhysicalPower,50,100,5000,10,"10, 1"
Archer,RightRing,Superior,ArcherSuperiorRightRing,Random,,HP,500,1000,50000,100,"10, 1"
Archer,Necklace,Superior,ArcherSuperiorNecklace,Fixed,CriChance,,40,80,4000,10,"10, 1"
Archer,Necklace,Superior,ArcherSuperiorNecklace,Fixed,PhysicalPower,,40,80,4000,10,"10, 1"
Archer,Necklace,Superior,ArcherSuperiorNecklace,Fixed,MagicPower,,40,80,4000,10,"10, 1"
Archer,Necklace,Superior,ArcherSuperiorNecklace,Random,,PhysicalPower,50,100,5000,10,"10, 1"
Archer,Necklace,Superior,ArcherSuperiorNecklace,Random,,HP,500,1000,50000,100,"10, 1"
Archer,Earrings,Superior,ArcherSuperiorEarrings,Fixed,CriDamage,,40,80,4000,10,"10, 1"
Archer,Earrings,Superior,ArcherSuperiorEarrings,Fixed,PhysicalPower,,40,80,4000,10,"10, 1"
Archer,Earrings,Superior,ArcherSuperiorEarrings,Fixed,MagicPower,,40,80,4000,10,"10, 1"
Archer,Earrings,Superior,ArcherSuperiorEarrings,Random,,PhysicalPower,50,100,5000,10,"10, 1"
Archer,Earrings,Superior,ArcherSuperiorEarrings,Random,,HP,500,1000,50000,100,"10, 1"
Archer,Back,Superior,ArcherSuperiorBack,Fixed,PhysicalPower,,40,80,4000,10,"10, 1"
Archer,Back,Superior,ArcherSuperiorBack,Fixed,MagicPower,,40,80,4000,10,"10, 1"
Archer,Back,Superior,ArcherSuperiorBack,Fixed,HP,,40,80,4000,10,"10, 1"
Archer,Back,Superior,ArcherSuperiorBack,Random,,PhysicalPower,50,100,5000,10,"10, 1"
Archer,Back,Superior,ArcherSuperiorBack,Random,,HP,500,1000,50000,100,"10, 1"
Archer,Cloak,Superior,ArcherSuperiorCloak,Fixed,PhysicalPower,,40,80,4000,10,"10, 1"
Archer,Cloak,Superior,ArcherSuperiorCloak,Fixed,MagicPower,,40,80,4000,10,"10, 1"
Archer,Cloak,Superior,ArcherSuperiorCloak,Fixed,HP,,40,80,4000,10,"10, 1"
Archer,Cloak,Superior,ArcherSuperiorCloak,Random,,PhysicalPower,50,100,5000,10,"10, 1"
Archer,Cloak,Superior,ArcherSuperiorCloak,Random,,HP,500,1000,50000,100,"10, 1"
Archer,Pet,Superior,ArcherSuperiorPet,Fixed,PhysicalPower,,40,80,4000,10,"10, 1"
Archer,Pet,Superior,ArcherSuperiorPet,Fixed,MagicPower,,40,80,4000,10,"10, 1"
Archer,Pet,Superior,ArcherSuperiorPet,Fixed,HP,,40,80,4000,10,"10, 1"
Archer,Pet,Superior,ArcherSuperiorPet,Random,,PhysicalPower,50,100,5000,10,"10, 1"
Archer,Pet,Superior,ArcherSuperiorPet,Random,,HP,500,1000,50000,100,"10, 1"
Archer,Hat,Superior,ArcherSuperiorHat,Fixed,PhysicalPower,,40,80,4000,10,"10, 1"
Archer,Hat,Superior,ArcherSuperiorHat,Fixed,MagicPower,,40,80,4000,10,"10, 1"
Archer,Hat,Superior,ArcherSuperiorHat,Fixed,HP,,40,80,4000,10,"10, 1"
Archer,Hat,Superior,ArcherSuperiorHat,Random,,PhysicalPower,50,100,5000,10,"10, 1"
Archer,Hat,Superior,ArcherSuperiorHat,Random,,HP,500,1000,50000,100,"10, 1"
Archer,Wing,Superior,ArcherSuperiorWing,Fixed,PhysicalPower,,40,80,4000,10,"10, 1"
Archer,Wing,Superior,ArcherSuperiorWing,Fixed,MagicPower,,40,80,4000,10,"10, 1"
Archer,Wing,Superior,ArcherSuperiorWing,Fixed,HP,,40,80,4000,10,"10, 1"
Archer,Wing,Superior,ArcherSuperiorWing,Random,,PhysicalPower,50,100,5000,10,"10, 1"
Archer,Wing,Superior,ArcherSuperiorWing,Random,,HP,500,1000,50000,100,"10, 1"
Archer,Mask,Superior,ArcherSuperiorMask,Fixed,PhysicalPower,,40,80,4000,10,"10, 1"
Archer,Mask,Superior,ArcherSuperiorMask,Fixed,MagicPower,,40,80,4000,10,"10, 1"
Archer,Mask,Superior,ArcherSuperiorMask,Fixed,HP,,40,80,4000,10,"10, 1"
Archer,Mask,Superior,ArcherSuperiorMask,Random,,PhysicalPower,50,100,5000,10,"10, 1"
Archer,Mask,Superior,ArcherSuperiorMask,Random,,HP,500,1000,50000,100,"10, 1"
Guardian,Weapon,Normal,GuardianNormalWeapon,Fixed,PhysicalPowerPercent,,500,1000,50000,10,"10, 1"
Guardian,Weapon,Normal,GuardianNormalWeapon,Fixed,MagicPowerPercent,,500,1000,50000,10,"10, 1"
Guardian,Weapon,Normal,GuardianNormalWeapon,Fixed,AttackSpeed,,1,2,100,1,"10, 1"
Guardian,Weapon,Normal,GuardianNormalWeapon,Random,,PhysicalPower,50,100,5000,10,"10, 1"
Guardian,Weapon,Normal,GuardianNormalWeapon,Random,,HP,250,500,25000,10,"10, 1"
Guardian,Clothes,Normal,GuardianNormalClothes,Fixed,PhysicalDamageReduction,,40,80,4000,10,"10, 1"
Guardian,Clothes,Normal,GuardianNormalClothes,Fixed,HP,,40,80,4000,10,"10, 1"
Guardian,Clothes,Normal,GuardianNormalClothes,Fixed,PhysicalPowerDefense,,40,80,4000,10,"10, 1"
Guardian,Clothes,Normal,GuardianNormalClothes,Random,,PhysicalPower,50,100,5000,10,"10, 1"
Guardian,Clothes,Normal,GuardianNormalClothes,Random,,HP,500,1000,50000,100,"10, 1"
Guardian,Gloves,Normal,GuardianNormalGloves,Fixed,AttackSpeedPercent,,40,80,4000,10,"10, 1"
Guardian,Gloves,Normal,GuardianNormalGloves,Fixed,HP,,40,80,4000,10,"10, 1"
Guardian,Gloves,Normal,GuardianNormalGloves,Fixed,PhysicalPowerDefense,,40,80,4000,10,"10, 1"
Guardian,Gloves,Normal,GuardianNormalGloves,Random,,PhysicalPower,50,100,5000,10,"10, 1"
Guardian,Gloves,Normal,GuardianNormalGloves,Random,,HP,500,1000,50000,100,"10, 1"
Guardian,Shoes,Normal,GuardianNormalShoes,Fixed,MoveSpeedPercent,,40,80,4000,10,"10, 1"
Guardian,Shoes,Normal,GuardianNormalShoes,Fixed,HP,,40,80,4000,10,"10, 1"
Guardian,Shoes,Normal,GuardianNormalShoes,Fixed,PhysicalPowerDefense,,40,80,4000,10,"10, 1"
Guardian,Shoes,Normal,GuardianNormalShoes,Random,,PhysicalPower,50,100,5000,10,"10, 1"
Guardian,Shoes,Normal,GuardianNormalShoes,Random,,HP,500,1000,50000,100,"10, 1"
Guardian,LeftBracelet,Normal,GuardianNormalLeftBracelet,Fixed,CriChance,,40,80,4000,10,"10, 1"
Guardian,LeftBracelet,Normal,GuardianNormalLeftBracelet,Fixed,PhysicalPower,,40,80,4000,10,"10, 1"
Guardian,LeftBracelet,Normal,GuardianNormalLeftBracelet,Fixed,MagicPower,,40,80,4000,10,"10, 1"
Guardian,LeftBracelet,Normal,GuardianNormalLeftBracelet,Random,,PhysicalPower,50,100,5000,10,"10, 1"
Guardian,LeftBracelet,Normal,GuardianNormalLeftBracelet,Random,,HP,500,1000,50000,100,"10, 1"
Guardian,RightBracelet,Normal,GuardianNormalRightBracelet,Fixed,CriDamage,,40,80,4000,10,"10, 1"
Guardian,RightBracelet,Normal,GuardianNormalRightBracelet,Fixed,PhysicalPower,,40,80,4000,10,"10, 1"
Guardian,RightBracelet,Normal,GuardianNormalRightBracelet,Fixed,MagicPower,,40,80,4000,10,"10, 1"
Guardian,RightBracelet,Normal,GuardianNormalRightBracelet,Random,,PhysicalPower,50,100,5000,10,"10, 1"
Guardian,RightBracelet,Normal,GuardianNormalRightBracelet,Random,,HP,500,1000,50000,100,"10, 1"
Guardian,LeftRing,Normal,GuardianNormalLeftRing,Fixed,CriChance,,40,80,4000,10,"10, 1"
Guardian,LeftRing,Normal,GuardianNormalLeftRing,Fixed,PhysicalPower,,40,80,4000,10,"10, 1"
Guardian,LeftRing,Normal,GuardianNormalLeftRing,Fixed,MagicPower,,40,80,4000,10,"10, 1"
Guardian,LeftRing,Normal,GuardianNormalLeftRing,Random,,PhysicalPower,50,100,5000,10,"10, 1"
Guardian,LeftRing,Normal,GuardianNormalLeftRing,Random,,HP,500,1000,50000,100,"10, 1"
Guardian,RightRing,Normal,GuardianNormalRightRing,Fixed,CriDamage,,40,80,4000,10,"10, 1"
Guardian,RightRing,Normal,GuardianNormalRightRing,Fixed,PhysicalPower,,40,80,4000,10,"10, 1"
Guardian,RightRing,Normal,GuardianNormalRightRing,Fixed,MagicPower,,40,80,4000,10,"10, 1"
Guardian,RightRing,Normal,GuardianNormalRightRing,Random,,PhysicalPower,50,100,5000,10,"10, 1"
Guardian,RightRing,Normal,GuardianNormalRightRing,Random,,HP,500,1000,50000,100,"10, 1"
Guardian,Necklace,Normal,GuardianNormalNecklace,Fixed,CriChance,,40,80,4000,10,"10, 1"
Guardian,Necklace,Normal,GuardianNormalNecklace,Fixed,PhysicalPower,,40,80,4000,10,"10, 1"
Guardian,Necklace,Normal,GuardianNormalNecklace,Fixed,MagicPower,,40,80,4000,10,"10, 1"
Guardian,Necklace,Normal,GuardianNormalNecklace,Random,,PhysicalPower,50,100,5000,10,"10, 1"
Guardian,Necklace,Normal,GuardianNormalNecklace,Random,,HP,500,1000,50000,100,"10, 1"
Guardian,Earrings,Normal,GuardianNormalEarrings,Fixed,CriDamage,,40,80,4000,10,"10, 1"
Guardian,Earrings,Normal,GuardianNormalEarrings,Fixed,PhysicalPower,,40,80,4000,10,"10, 1"
Guardian,Earrings,Normal,GuardianNormalEarrings,Fixed,MagicPower,,40,80,4000,10,"10, 1"
Guardian,Earrings,Normal,GuardianNormalEarrings,Random,,PhysicalPower,50,100,5000,10,"10, 1"
Guardian,Earrings,Normal,GuardianNormalEarrings,Random,,HP,500,1000,50000,100,"10, 1"
Guardian,Back,Normal,GuardianNormalBack,Fixed,PhysicalPower,,40,80,4000,10,"10, 1"
Guardian,Back,Normal,GuardianNormalBack,Fixed,MagicPower,,40,80,4000,10,"10, 1"
Guardian,Back,Normal,GuardianNormalBack,Fixed,HP,,40,80,4000,10,"10, 1"
Guardian,Back,Normal,GuardianNormalBack,Random,,PhysicalPower,50,100,5000,10,"10, 1"
Guardian,Back,Normal,GuardianNormalBack,Random,,HP,500,1000,50000,100,"10, 1"
Guardian,Cloak,Normal,GuardianNormalCloak,Fixed,PhysicalPower,,40,80,4000,10,"10, 1"
Guardian,Cloak,Normal,GuardianNormalCloak,Fixed,MagicPower,,40,80,4000,10,"10, 1"
Guardian,Cloak,Normal,GuardianNormalCloak,Fixed,HP,,40,80,4000,10,"10, 1"
Guardian,Cloak,Normal,GuardianNormalCloak,Random,,PhysicalPower,50,100,5000,10,"10, 1"
Guardian,Cloak,Normal,GuardianNormalCloak,Random,,HP,500,1000,50000,100,"10, 1"
Guardian,Pet,Normal,GuardianNormalPet,Fixed,PhysicalPower,,40,80,4000,10,"10, 1"
Guardian,Pet,Normal,GuardianNormalPet,Fixed,MagicPower,,40,80,4000,10,"10, 1"
Guardian,Pet,Normal,GuardianNormalPet,Fixed,HP,,40,80,4000,10,"10, 1"
Guardian,Pet,Normal,GuardianNormalPet,Random,,PhysicalPower,50,100,5000,10,"10, 1"
Guardian,Pet,Normal,GuardianNormalPet,Random,,HP,500,1000,50000,100,"10, 1"
Guardian,Hat,Normal,GuardianNormalHat,Fixed,PhysicalPower,,40,80,4000,10,"10, 1"
Guardian,Hat,Normal,GuardianNormalHat,Fixed,MagicPower,,40,80,4000,10,"10, 1"
Guardian,Hat,Normal,GuardianNormalHat,Fixed,HP,,40,80,4000,10,"10, 1"
Guardian,Hat,Normal,GuardianNormalHat,Random,,PhysicalPower,50,100,5000,10,"10, 1"
Guardian,Hat,Normal,GuardianNormalHat,Random,,HP,500,1000,50000,100,"10, 1"
Guardian,Wing,Normal,GuardianNormalWing,Fixed,PhysicalPower,,40,80,4000,10,"10, 1"
Guardian,Wing,Normal,GuardianNormalWing,Fixed,MagicPower,,40,80,4000,10,"10, 1"
Guardian,Wing,Normal,GuardianNormalWing,Fixed,HP,,40,80,4000,10,"10, 1"
Guardian,Wing,Normal,GuardianNormalWing,Random,,PhysicalPower,50,100,5000,10,"10, 1"
Guardian,Wing,Normal,GuardianNormalWing,Random,,HP,500,1000,50000,100,"10, 1"
Guardian,Mask,Normal,GuardianNormalMask,Fixed,PhysicalPower,,40,80,4000,10,"10, 1"
Guardian,Mask,Normal,GuardianNormalMask,Fixed,MagicPower,,40,80,4000,10,"10, 1"
Guardian,Mask,Normal,GuardianNormalMask,Fixed,HP,,40,80,4000,10,"10, 1"
Guardian,Mask,Normal,GuardianNormalMask,Random,,PhysicalPower,50,100,5000,10,"10, 1"
Guardian,Mask,Normal,GuardianNormalMask,Random,,HP,500,1000,50000,100,"10, 1"
Guardian,Weapon,Superior,GuardianSuperiorWeapon,Fixed,PhysicalPowerPercent,,500,1000,50000,10,"10, 1"
Guardian,Weapon,Superior,GuardianSuperiorWeapon,Fixed,MagicPowerPercent,,500,1000,50000,10,"10, 1"
Guardian,Weapon,Superior,GuardianSuperiorWeapon,Fixed,AttackSpeed,,1,2,100,1,"10, 1"
Guardian,Weapon,Superior,GuardianSuperiorWeapon,Random,,PhysicalPower,50,100,5000,10,"10, 1"
Guardian,Weapon,Superior,GuardianSuperiorWeapon,Random,,HP,250,500,25000,10,"10, 1"
Guardian,Clothes,Superior,GuardianSuperiorClothes,Fixed,PhysicalDamageReduction,,40,80,4000,10,"10, 1"
Guardian,Clothes,Superior,GuardianSuperiorClothes,Fixed,HP,,40,80,4000,10,"10, 1"
Guardian,Clothes,Superior,GuardianSuperiorClothes,Fixed,PhysicalPowerDefense,,40,80,4000,10,"10, 1"
Guardian,Clothes,Superior,GuardianSuperiorClothes,Random,,PhysicalPower,50,100,5000,10,"10, 1"
Guardian,Clothes,Superior,GuardianSuperiorClothes,Random,,HP,500,1000,50000,100,"10, 1"
Guardian,Gloves,Superior,GuardianSuperiorGloves,Fixed,AttackSpeedPercent,,40,80,4000,10,"10, 1"
Guardian,Gloves,Superior,GuardianSuperiorGloves,Fixed,HP,,40,80,4000,10,"10, 1"
Guardian,Gloves,Superior,GuardianSuperiorGloves,Fixed,PhysicalPowerDefense,,40,80,4000,10,"10, 1"
Guardian,Gloves,Superior,GuardianSuperiorGloves,Random,,PhysicalPower,50,100,5000,10,"10, 1"
Guardian,Gloves,Superior,GuardianSuperiorGloves,Random,,HP,500,1000,50000,100,"10, 1"
Guardian,Shoes,Superior,GuardianSuperiorShoes,Fixed,MoveSpeedPercent,,40,80,4000,10,"10, 1"
Guardian,Shoes,Superior,GuardianSuperiorShoes,Fixed,HP,,40,80,4000,10,"10, 1"
Guardian,Shoes,Superior,GuardianSuperiorShoes,Fixed,PhysicalPowerDefense,,40,80,4000,10,"10, 1"
Guardian,Shoes,Superior,GuardianSuperiorShoes,Random,,PhysicalPower,50,100,5000,10,"10, 1"
Guardian,Shoes,Superior,GuardianSuperiorShoes,Random,,HP,500,1000,50000,100,"10, 1"
Guardian,LeftBracelet,Superior,GuardianSuperiorLeftBracelet,Fixed,CriChance,,40,80,4000,10,"10, 1"
Guardian,LeftBracelet,Superior,GuardianSuperiorLeftBracelet,Fixed,PhysicalPower,,40,80,4000,10,"10, 1"
Guardian,LeftBracelet,Superior,GuardianSuperiorLeftBracelet,Fixed,MagicPower,,40,80,4000,10,"10, 1"
Guardian,LeftBracelet,Superior,GuardianSuperiorLeftBracelet,Random,,PhysicalPower,50,100,5000,10,"10, 1"
Guardian,LeftBracelet,Superior,GuardianSuperiorLeftBracelet,Random,,HP,500,1000,50000,100,"10, 1"
Guardian,RightBracelet,Superior,GuardianSuperiorRightBracelet,Fixed,CriDamage,,40,80,4000,10,"10, 1"
Guardian,RightBracelet,Superior,GuardianSuperiorRightBracelet,Fixed,PhysicalPower,,40,80,4000,10,"10, 1"
Guardian,RightBracelet,Superior,GuardianSuperiorRightBracelet,Fixed,MagicPower,,40,80,4000,10,"10, 1"
Guardian,RightBracelet,Superior,GuardianSuperiorRightBracelet,Random,,PhysicalPower,50,100,5000,10,"10, 1"
Guardian,RightBracelet,Superior,GuardianSuperiorRightBracelet,Random,,HP,500,1000,50000,100,"10, 1"
Guardian,LeftRing,Superior,GuardianSuperiorLeftRing,Fixed,CriChance,,40,80,4000,10,"10, 1"
Guardian,LeftRing,Superior,GuardianSuperiorLeftRing,Fixed,PhysicalPower,,40,80,4000,10,"10, 1"
Guardian,LeftRing,Superior,GuardianSuperiorLeftRing,Fixed,MagicPower,,40,80,4000,10,"10, 1"
Guardian,LeftRing,Superior,GuardianSuperiorLeftRing,Random,,PhysicalPower,50,100,5000,10,"10, 1"
Guardian,LeftRing,Superior,GuardianSuperiorLeftRing,Random,,HP,500,1000,50000,100,"10, 1"
Guardian,RightRing,Superior,GuardianSuperiorRightRing,Fixed,CriDamage,,40,80,4000,10,"10, 1"
Guardian,RightRing,Superior,GuardianSuperiorRightRing,Fixed,PhysicalPower,,40,80,4000,10,"10, 1"
Guardian,RightRing,Superior,GuardianSuperiorRightRing,Fixed,MagicPower,,40,80,4000,10,"10, 1"
Guardian,RightRing,Superior,GuardianSuperiorRightRing,Random,,PhysicalPower,50,100,5000,10,"10, 1"
Guardian,RightRing,Superior,GuardianSuperiorRightRing,Random,,HP,500,1000,50000,100,"10, 1"
Guardian,Necklace,Superior,GuardianSuperiorNecklace,Fixed,CriChance,,40,80,4000,10,"10, 1"
Guardian,Necklace,Superior,GuardianSuperiorNecklace,Fixed,PhysicalPower,,40,80,4000,10,"10, 1"
Guardian,Necklace,Superior,GuardianSuperiorNecklace,Fixed,MagicPower,,40,80,4000,10,"10, 1"
Guardian,Necklace,Superior,GuardianSuperiorNecklace,Random,,PhysicalPower,50,100,5000,10,"10, 1"
Guardian,Necklace,Superior,GuardianSuperiorNecklace,Random,,HP,500,1000,50000,100,"10, 1"
Guardian,Earrings,Superior,GuardianSuperiorEarrings,Fixed,CriDamage,,40,80,4000,10,"10, 1"
Guardian,Earrings,Superior,GuardianSuperiorEarrings,Fixed,PhysicalPower,,40,80,4000,10,"10, 1"
Guardian,Earrings,Superior,GuardianSuperiorEarrings,Fixed,MagicPower,,40,80,4000,10,"10, 1"
Guardian,Earrings,Superior,GuardianSuperiorEarrings,Random,,PhysicalPower,50,100,5000,10,"10, 1"
Guardian,Earrings,Superior,GuardianSuperiorEarrings,Random,,HP,500,1000,50000,100,"10, 1"
Guardian,Back,Superior,GuardianSuperiorBack,Fixed,PhysicalPower,,40,80,4000,10,"10, 1"
Guardian,Back,Superior,GuardianSuperiorBack,Fixed,MagicPower,,40,80,4000,10,"10, 1"
Guardian,Back,Superior,GuardianSuperiorBack,Fixed,HP,,40,80,4000,10,"10, 1"
Guardian,Back,Superior,GuardianSuperiorBack,Random,,PhysicalPower,50,100,5000,10,"10, 1"
Guardian,Back,Superior,GuardianSuperiorBack,Random,,HP,500,1000,50000,100,"10, 1"
Guardian,Cloak,Superior,GuardianSuperiorCloak,Fixed,PhysicalPower,,40,80,4000,10,"10, 1"
Guardian,Cloak,Superior,GuardianSuperiorCloak,Fixed,MagicPower,,40,80,4000,10,"10, 1"
Guardian,Cloak,Superior,GuardianSuperiorCloak,Fixed,HP,,40,80,4000,10,"10, 1"
Guardian,Cloak,Superior,GuardianSuperiorCloak,Random,,PhysicalPower,50,100,5000,10,"10, 1"
Guardian,Cloak,Superior,GuardianSuperiorCloak,Random,,HP,500,1000,50000,100,"10, 1"
Guardian,Pet,Superior,GuardianSuperiorPet,Fixed,PhysicalPower,,40,80,4000,10,"10, 1"
Guardian,Pet,Superior,GuardianSuperiorPet,Fixed,MagicPower,,40,80,4000,10,"10, 1"
Guardian,Pet,Superior,GuardianSuperiorPet,Fixed,HP,,40,80,4000,10,"10, 1"
Guardian,Pet,Superior,GuardianSuperiorPet,Random,,PhysicalPower,50,100,5000,10,"10, 1"
Guardian,Pet,Superior,GuardianSuperiorPet,Random,,HP,500,1000,50000,100,"10, 1"
Guardian,Hat,Superior,GuardianSuperiorHat,Fixed,PhysicalPower,,40,80,4000,10,"10, 1"
Guardian,Hat,Superior,GuardianSuperiorHat,Fixed,MagicPower,,40,80,4000,10,"10, 1"
Guardian,Hat,Superior,GuardianSuperiorHat,Fixed,HP,,40,80,4000,10,"10, 1"
Guardian,Hat,Superior,GuardianSuperiorHat,Random,,PhysicalPower,50,100,5000,10,"10, 1"
Guardian,Hat,Superior,GuardianSuperiorHat,Random,,HP,500,1000,50000,100,"10, 1"
Guardian,Wing,Superior,GuardianSuperiorWing,Fixed,PhysicalPower,,40,80,4000,10,"10, 1"
Guardian,Wing,Superior,GuardianSuperiorWing,Fixed,MagicPower,,40,80,4000,10,"10, 1"
Guardian,Wing,Superior,GuardianSuperiorWing,Fixed,HP,,40,80,4000,10,"10, 1"
Guardian,Wing,Superior,GuardianSuperiorWing,Random,,PhysicalPower,50,100,5000,10,"10, 1"
Guardian,Wing,Superior,GuardianSuperiorWing,Random,,HP,500,1000,50000,100,"10, 1"
Guardian,Mask,Superior,GuardianSuperiorMask,Fixed,PhysicalPower,,40,80,4000,10,"10, 1"
Guardian,Mask,Superior,GuardianSuperiorMask,Fixed,MagicPower,,40,80,4000,10,"10, 1"
Guardian,Mask,Superior,GuardianSuperiorMask,Fixed,HP,,40,80,4000,10,"10, 1"
Guardian,Mask,Superior,GuardianSuperiorMask,Random,,PhysicalPower,50,100,5000,10,"10, 1"
Guardian,Mask,Superior,GuardianSuperiorMask,Random,,HP,500,1000,50000,100,"10, 1"
Mage,Weapon,Normal,MageNormalWeapon,Fixed,PhysicalPower,,500,1000,50000,10,"10, 1"
Mage,Weapon,Normal,MageNormalWeapon,Fixed,MagicPower,,500,1000,50000,10,"10, 1"
Mage,Weapon,Normal,MageNormalWeapon,Fixed,HP,,500,1000,50000,10,"10, 1"
Mage,Weapon,Normal,MageNormalWeapon,Random,,PhysicalPower,50,100,5000,10,"10, 1"
Mage,Weapon,Normal,MageNormalWeapon,Random,,HP,50,100,5000,10,"10, 1"
Mage,Clothes,Normal,MageNormalClothes,Fixed,PhysicalPower,,500,1000,50000,10,"10, 1"
Mage,Clothes,Normal,MageNormalClothes,Fixed,MagicPower,,500,1000,50000,10,"10, 1"
Mage,Clothes,Normal,MageNormalClothes,Fixed,HP,,500,1000,50000,10,"10, 1"
Mage,Clothes,Normal,MageNormalClothes,Random,,PhysicalPower,50,100,5000,10,"10, 1"
Mage,Clothes,Normal,MageNormalClothes,Random,,HP,50,100,5000,10,"10, 1"